,H2S2,CV,ASV
ASV3_ANPR,0.7435820491670826,1,ASV3_ANPR
ASV17_ANPR,0.1263897155406131,1,ASV17_ANPR
ASV22_Mesorhizobium,0.0851713123169943,1,ASV22_Mesorhizobium
ASV9_ANPR,0.08091692747395648,1,ASV9_ANPR
ASV32_ANPR,0.0594506977982279,1,ASV32_ANPR
ASV11_unknown,0.048047873584159725,1,ASV11_unknown
ASV12_Mesorhizobium,0.04125264965068824,1,ASV12_Mesorhizobium
ASV36_Mesorhizobium,0.037014678480435,1,ASV36_Mesorhizobium
ASV8_Mesorhizobium,0.03567636287005916,1,ASV8_Mesorhizobium
ASV21_ANPR,0.02962656401552816,1,ASV21_ANPR
ASV18_ANPR,0.029082130955151556,1,ASV18_ANPR
ASV27_unknown,0.02605691312808669,1,ASV27_unknown
ASV50_ANPR,0.02568506855475561,1,ASV50_ANPR
ASV51_Mesorhizobium,0.0252975624595962,1,ASV51_Mesorhizobium
ASV53_ANPR,0.0244086777959463,1,ASV53_ANPR
ASV55_ANPR,0.0236861619196106,1,ASV55_ANPR
ASV59_ANPR,0.0218085713199224,1,ASV59_ANPR
ASV33_ANPR,0.01930274615027481,1,ASV33_ANPR
ASV63_unknown,0.0191561775107427,1,ASV63_unknown
ASV39_unknown,0.01897674795173307,1,ASV39_unknown
ASV15_Mesorhizobium,0.018784260503807198,1,ASV15_Mesorhizobium
ASV66_Mesorhizobium,0.0167509601855725,1,ASV66_Mesorhizobium
ASV34_ANPR,0.012138922079857704,1,ASV34_ANPR
ASV31_Mesorhizobium,0.010643402701491441,1,ASV31_Mesorhizobium
ASV97_ANPR,0.00944024033159676,1,ASV97_ANPR
ASV72_ANPR,0.007886114921394656,1,ASV72_ANPR
ASV49_ANPR,0.007731280494555682,1,ASV49_ANPR
ASV37_unknown,0.0075897286560295835,1,ASV37_unknown
ASV84_Mesorhizobium,0.007519869186599229,1,ASV84_Mesorhizobium
ASV61_ANPR,0.007371609190573551,1,ASV61_ANPR
ASV109_Mesorhizobium,0.00735825379320835,1,ASV109_Mesorhizobium
ASV117_ANPR,0.007115830703122029,1,ASV117_ANPR
ASV68_Mesorhizobium,0.00707822199149341,1,ASV68_Mesorhizobium
ASV120_ANPR,0.0065311632505609,1,ASV120_ANPR
ASV26_Mesorhizobium,0.00645510894778872,1,ASV26_Mesorhizobium
ASV78_ANPR,0.006120657736489772,1,ASV78_ANPR
ASV121_Mesorhizobium,0.00595124919192303,1,ASV121_Mesorhizobium
ASV89_ANPR,0.005370001818705701,1,ASV89_ANPR
ASV75_ANPR,0.005072092110948272,1,ASV75_ANPR
ASV142_unknown,0.0047914210746473,1,ASV142_unknown
ASV106_Mesorhizobium,0.004623210392306528,1,ASV106_Mesorhizobium
ASV71_unknown,0.0046092543358961496,1,ASV71_unknown
ASV158_Mesorhizobium,0.0038454956839183204,1,ASV158_Mesorhizobium
ASV82_ANPR,0.0038385032829455533,1,ASV82_ANPR
ASV160_Mesorhizobium,0.00383123550214853,1,ASV160_Mesorhizobium
ASV170_Mesorhizobium,0.00353652507890634,1,ASV170_Mesorhizobium
ASV185_unknown,0.0034794843518272,1,ASV185_unknown
ASV126_unknown,0.0032877707157326947,1,ASV126_unknown
ASV95_ANPR,0.0030749371530406065,1,ASV95_ANPR
ASV218_Variovorax,0.00251345837122981,1,ASV218_Variovorax
ASV254_ANPR,0.00238620374947713,1,ASV254_ANPR
ASV176_unknown,0.002304586313422338,1,ASV176_unknown
ASV154_ANPR,0.002299374582263868,1,ASV154_ANPR
ASV247_Mesorhizobium,0.0022673689013956,1,ASV247_Mesorhizobium
ASV133_ANPR,0.002020363012922197,1,ASV133_ANPR
ASV281_Mesorhizobium,0.0018918507814579602,1,ASV281_Mesorhizobium
ASV162_ANPR,0.001834258207468818,1,ASV162_ANPR
ASV60_Mesorhizobium,0.0017190684089024382,1,ASV60_Mesorhizobium
ASV178_unknown,0.001647789762730589,1,ASV178_unknown
ASV139_ANPR,0.001502235103299625,1,ASV139_ANPR
ASV348_unknown,0.00136422405597597,1,ASV348_unknown
ASV137_ANPR,0.0012025562323596671,1,ASV137_ANPR
ASV153_ANPR,0.0011302580905685519,1,ASV153_ANPR
ASV646_ANPR,0.0010648828623000552,1,ASV646_ANPR
ASV118_Mesorhizobium,0.00104532599886128,1,ASV118_Mesorhizobium
ASV380_ANPR,0.000982032729186798,1,ASV380_ANPR
ASV261_ANPR,0.000850066296361253,1,ASV261_ANPR
ASV87_Mesorhizobium,0.000755789633798532,1,ASV87_Mesorhizobium
ASV215_Mesorhizobium,0.0007270500585640761,1,ASV215_Mesorhizobium
ASV748_Mesorhizobium,0.000632201391793741,1,ASV748_Mesorhizobium
ASV569_unknown,0.0005514728864709869,1,ASV569_unknown
ASV733_unknown,0.0005290231441449614,1,ASV733_unknown
ASV451_ANPR,0.000454757749317863,1,ASV451_ANPR
ASV920_ANPR,0.00042780545309350896,1,ASV920_ANPR
ASV869_ANPR,0.00041829866524698597,1,ASV869_ANPR
ASV197_Mesorhizobium,0.000408791877400464,1,ASV197_Mesorhizobium
ASV1049_unknown,0.00037127985807371003,1,ASV1049_unknown
ASV852_Mesorhizobium,0.00036508317070486993,1,ASV852_Mesorhizobium
ASV80_ANPR,0.0003344628456435636,1,ASV80_ANPR
ASV1257_unknown,0.000318477392858501,1,ASV1257_unknown
ASV1395_unknown,0.00027569684754915,1,ASV1395_unknown
ASV1431_unknown,0.00026619005970262796,1,ASV1431_unknown
ASV1430_unknown,0.00026619005970262796,1,ASV1430_unknown
ASV1168_ANPR,0.0002119867113324819,1,ASV1168_ANPR
ASV1191_unknown,0.00021050610417909044,1,ASV1191_unknown
ASV292_Mesorhizobium,0.00020914933262349298,1,ASV292_Mesorhizobium
ASV306_Mesorhizobium,0.0001404251083329818,1,ASV306_Mesorhizobium
ASV1032_unknown,0.00011676212482485701,1,ASV1032_unknown
ASV1464_unknown,0.00010923248989340057,1,ASV1464_unknown
ASV2_Mesorhizobium,9.306811323024308e-05,1,ASV2_Mesorhizobium
ASV1223_Mesorhizobium,7.56464624280627e-05,1,ASV1223_Mesorhizobium
ASV5_Mesorhizobium,5.555891378426362e-05,1,ASV5_Mesorhizobium
ASV14_Mesorhizobium,5.184864077115688e-05,1,ASV14_Mesorhizobium
ASV954_unknown,4.91629999262555e-05,1,ASV954_unknown
ASV157_unknown,4.515104222889348e-05,1,ASV157_unknown
ASV503_unknown,1.84361249723458e-05,1,ASV503_unknown
ASV24_Mesorhizobium,1.22907499815639e-05,1,ASV24_Mesorhizobium
ASV756_Mesorhizobium,9.50678784652242e-06,1,ASV756_Mesorhizobium
ASV10_Mesorhizobium,4.75339392326121e-06,1,ASV10_Mesorhizobium
ASV7_Mesorhizobium,3.3074903163570287e-06,1,ASV7_Mesorhizobium
ASV6_Mesorhizobium,3.752502441660015e-07,1,ASV6_Mesorhizobium
ASV43_unknown,0.0,1,ASV43_unknown
ASV45_Mesorhizobium,0.0,1,ASV45_Mesorhizobium
ASV435_Mesorhizobium,0.0,1,ASV435_Mesorhizobium
ASV427_ANPR,0.0,1,ASV427_ANPR
ASV44_Mesorhizobium,0.0,1,ASV44_Mesorhizobium
ASV474_Mesorhizobium,0.0,1,ASV474_Mesorhizobium
ASV336_Mesorhizobium,0.0,1,ASV336_Mesorhizobium
ASV727_Mesorhizobium,0.0,1,ASV727_Mesorhizobium
ASV504_Mesorhizobium,0.0,1,ASV504_Mesorhizobium
ASV56_ANPR,0.0,1,ASV56_ANPR
ASV98_unknown,0.0,1,ASV98_unknown
ASV974_Mesorhizobium,0.0,1,ASV974_Mesorhizobium
ASV93_ANPR,0.0,1,ASV93_ANPR
ASV91_Mesorhizobium,0.0,1,ASV91_Mesorhizobium
ASV896_unknown,0.0,1,ASV896_unknown
ASV879_Mesorhizobium,0.0,1,ASV879_Mesorhizobium
ASV85_Mesorhizobium,0.0,1,ASV85_Mesorhizobium
ASV832_unknown,0.0,1,ASV832_unknown
ASV79_Mesorhizobium,0.0,1,ASV79_Mesorhizobium
ASV728_unknown,0.0,1,ASV728_unknown
ASV401_Caulobacter,0.0,1,ASV401_Caulobacter
ASV697_Mesorhizobium,0.0,1,ASV697_Mesorhizobium
ASV637_ANPR,0.0,1,ASV637_ANPR
ASV632_unknown,0.0,1,ASV632_unknown
ASV58_ANPR,0.0,1,ASV58_ANPR
ASV403_ANPR,0.0,1,ASV403_ANPR
ASV984_Aminobacter,0.0,1,ASV984_Aminobacter
ASV217_Mesorhizobium,0.0,1,ASV217_Mesorhizobium
ASV311_ANPR,0.0,1,ASV311_ANPR
ASV135_unknown,0.0,1,ASV135_unknown
ASV188_Mesorhizobium,0.0,1,ASV188_Mesorhizobium
ASV295_Mesorhizobium,0.0,1,ASV295_Mesorhizobium
ASV29_Mesorhizobium,0.0,1,ASV29_Mesorhizobium
ASV1396_unknown,0.0,1,ASV1396_unknown
ASV141_Pseudomonas,0.0,1,ASV141_Pseudomonas
ASV144_ANPR,0.0,1,ASV144_ANPR
ASV1481_unknown,0.0,1,ASV1481_unknown
ASV250_Mesorhizobium,0.0,1,ASV250_Mesorhizobium
ASV25_Mesorhizobium,0.0,1,ASV25_Mesorhizobium
ASV244_ANPR,0.0,1,ASV244_ANPR
ASV231_Mesorhizobium,0.0,1,ASV231_Mesorhizobium
ASV16_Mesorhizobium,0.0,1,ASV16_Mesorhizobium
ASV161_Mesorhizobium,0.0,1,ASV161_Mesorhizobium
ASV166_Mesorhizobium,0.0,1,ASV166_Mesorhizobium
ASV171_Pseudomonas,0.0,1,ASV171_Pseudomonas
ASV186_Mesorhizobium,0.0,1,ASV186_Mesorhizobium
ASV20_Mesorhizobium,0.0,1,ASV20_Mesorhizobium
ASV19_Mesorhizobium,0.0,1,ASV19_Mesorhizobium
ASV134_Mesorhizobium,0.0,1,ASV134_Mesorhizobium
ASV30_Mesorhizobium,0.0,1,ASV30_Mesorhizobium
ASV1186_Mesorhizobium,0.0,1,ASV1186_Mesorhizobium
ASV1018_Mesorhizobium,0.0,1,ASV1018_Mesorhizobium
ASV110_ANPR,0.0,1,ASV110_ANPR
ASV108_Mesorhizobium,0.0,1,ASV108_Mesorhizobium
ASV115_Mesorhizobium,0.0,1,ASV115_Mesorhizobium
ASV328_unknown,0.0,1,ASV328_unknown
ASV359_Mesorhizobium,0.0,1,ASV359_Mesorhizobium
ASV104_Mesorhizobium,0.0,1,ASV104_Mesorhizobium
ASV358_Mesorhizobium,0.0,1,ASV358_Mesorhizobium
ASV38_Mesorhizobium,0.0,1,ASV38_Mesorhizobium
ASV125_unknown,0.0,1,ASV125_unknown
ASV1258_ANPR,0.0,1,ASV1258_ANPR
ASV13_Mesorhizobium,0.0,1,ASV13_Mesorhizobium
ASV338_Aminobacter,0.0,1,ASV338_Aminobacter
ASV23_Mesorhizobium,-5.89483612355577e-06,1,ASV23_Mesorhizobium
ASV853_Caulobacter,-1.53791735232149e-05,1,ASV853_Caulobacter
ASV523_unknown,-3.07583470464297e-05,1,ASV523_unknown
ASV560_unknown,-3.5884738220834706e-05,1,ASV560_unknown
ASV534_Cutibacterium,-4.127849660993811e-05,1,ASV534_Cutibacterium
ASV498_unknown,-7.07380334826692e-05,1,ASV498_unknown
ASV717_Pseudomonas,-7.66328696062249e-05,1,ASV717_Pseudomonas
ASV458_unknown,-9.43173779768922e-05,1,ASV458_unknown
ASV591_unknown,-0.000106107050224004,1,ASV591_unknown
ASV426_unknown,-0.000117896722471115,1,ASV426_unknown
ASV77_Caulobacter,-0.000133286170534529,1,ASV77_Caulobacter
ASV74_ANPR,-0.00016204381059924903,1,ASV74_ANPR
ASV76_Mesorhizobium,-0.00016566168685306222,1,ASV76_Mesorhizobium
ASV626_Azorhizophilus,-0.000176845083706673,1,ASV626_Azorhizophilus
ASV386_unknown,-0.000188634755953784,1,ASV386_unknown
ASV421_unknown,-0.000188634755953784,1,ASV421_unknown
ASV396_unknown,-0.00019655059475564264,1,ASV396_unknown
ASV343_Mesorhizobium,-0.0002162561058046133,1,ASV343_Mesorhizobium
ASV1447_Rugamonas,-0.000281951514592272,1,ASV1447_Rugamonas
ASV202_unknown,-0.0002906048946843071,1,ASV202_unknown
ASV70_Caulobacter,-0.000292204296941082,1,ASV70_Caulobacter
ASV392_unknown,-0.000294741806177788,1,ASV392_unknown
ASV124_Mesorhizobium,-0.0003107831614170125,1,ASV124_Mesorhizobium
ASV307_unknown,-0.000318321150672011,1,ASV307_unknown
ASV375_unknown,-0.000341900495166234,1,ASV375_unknown
ASV1224_Duganella,-0.000353720991033942,1,ASV1224_Duganella
ASV274_Mesorhizobium,-0.00045979721763735,1,ASV274_Mesorhizobium
ASV747_unknown,-0.0004828661669133769,1,ASV747_unknown
ASV112_Mesorhizobium,-0.0005699403937338219,1,ASV112_Mesorhizobium
ASV667_unknown,-0.000601603748941257,1,ASV667_unknown
ASV836_Rhizobacter,-0.000604914158579785,1,ASV836_Rhizobacter
ASV146_unknown,-0.000660221645838246,1,ASV146_unknown
ASV581_unknown,-0.00069659381456356,1,ASV581_unknown
ASV111_Mesorhizobium,-0.000717188423688714,1,ASV111_Mesorhizobium
ASV382_Mesorhizobium,-0.000736173008572853,1,ASV382_Mesorhizobium
ASV47_Mesorhizobium,-0.0008523076272451191,1,ASV47_Mesorhizobium
ASV145_unknown,-0.000925489271398255,1,ASV145_unknown
ASV4_Mesorhizobium,-0.0009598844734312901,1,ASV4_Mesorhizobium
ASV519_Methylovorus,-0.0010110180531112064,1,ASV519_Methylovorus
ASV81_Mesorhizobium,-0.0010516289422819916,1,ASV81_Mesorhizobium
ASV391_Duganella,-0.00118419636128754,1,ASV391_Duganella
ASV315_Duganella,-0.00125083944655481,1,ASV315_Duganella
ASV64_Mesorhizobium,-0.0015145141815936002,1,ASV64_Mesorhizobium
ASV67_Mesorhizobium,-0.0018912539328988687,1,ASV67_Mesorhizobium
ASV41_unknown,-0.002037392762242374,1,ASV41_unknown
ASV249_Duganella,-0.0020813148168084103,1,ASV249_Duganella
ASV35_Mesorhizobium,-0.002145332566820913,1,ASV35_Mesorhizobium
ASV229_Achromobacter,-0.00273749288713225,1,ASV229_Achromobacter
ASV234_Achromobacter,-0.0029015374047132,1,ASV234_Achromobacter
ASV165_Herbaspirillum,-0.0032376972238969113,1,ASV165_Herbaspirillum
ASV156_Duganella,-0.00331677508984001,1,ASV156_Duganella
ASV28_Pseudomonas,-0.004792524502133655,1,ASV28_Pseudomonas
ASV48_Pseudomonas,-0.00486323980193351,1,ASV48_Pseudomonas
ASV119_Rhizobacter,-0.005579192078953532,1,ASV119_Rhizobacter
ASV57_Pseudomonas,-0.0215220466871021,1,ASV57_Pseudomonas
ASV1_Mesorhizobium,-1.6850700307957611,1,ASV1_Mesorhizobium
ASV3_ANPR,0.8461038580886934,2,ASV3_ANPR
ASV17_ANPR,0.1263897155406131,2,ASV17_ANPR
ASV9_ANPR,0.08744573314713461,2,ASV9_ANPR
ASV22_Mesorhizobium,0.08518178845758412,2,ASV22_Mesorhizobium
ASV11_unknown,0.06503058551671004,2,ASV11_unknown
ASV12_Mesorhizobium,0.06268342623030038,2,ASV12_Mesorhizobium
ASV32_ANPR,0.05947165007940751,2,ASV32_ANPR
ASV8_Mesorhizobium,0.05773353922412611,2,ASV8_Mesorhizobium
ASV36_Mesorhizobium,0.037014678480435,2,ASV36_Mesorhizobium
ASV18_ANPR,0.03475060317714599,2,ASV18_ANPR
ASV21_ANPR,0.03335218809331471,2,ASV21_ANPR
ASV27_unknown,0.030602921968588628,2,ASV27_unknown
ASV15_Mesorhizobium,0.029979073407644205,2,ASV15_Mesorhizobium
ASV50_ANPR,0.02568506855475561,2,ASV50_ANPR
ASV51_Mesorhizobium,0.0252975624595962,2,ASV51_Mesorhizobium
ASV53_ANPR,0.0244086777959463,2,ASV53_ANPR
ASV55_ANPR,0.0236861619196106,2,ASV55_ANPR
ASV59_ANPR,0.0218085713199224,2,ASV59_ANPR
ASV33_ANPR,0.021565232525744965,2,ASV33_ANPR
ASV63_unknown,0.0191561775107427,2,ASV63_unknown
ASV39_unknown,0.018199656044163764,2,ASV39_unknown
ASV66_Mesorhizobium,0.0167509601855725,2,ASV66_Mesorhizobium
ASV34_ANPR,0.016355711112410957,2,ASV34_ANPR
ASV31_Mesorhizobium,0.016286127750056507,2,ASV31_Mesorhizobium
ASV77_Caulobacter,0.01379361631809977,2,ASV77_Caulobacter
ASV37_unknown,0.010925574465845574,2,ASV37_unknown
ASV61_ANPR,0.009757129867707234,2,ASV61_ANPR
ASV49_ANPR,0.009517335783070832,2,ASV49_ANPR
ASV97_ANPR,0.00944024033159676,2,ASV97_ANPR
ASV68_Mesorhizobium,0.007888563176269792,2,ASV68_Mesorhizobium
ASV84_Mesorhizobium,0.007519869186599229,2,ASV84_Mesorhizobium
ASV109_Mesorhizobium,0.00735825379320835,2,ASV109_Mesorhizobium
ASV72_ANPR,0.007310975415143077,2,ASV72_ANPR
ASV117_ANPR,0.007115830703122029,2,ASV117_ANPR
ASV120_ANPR,0.0065311632505609,2,ASV120_ANPR
ASV26_Mesorhizobium,0.00645510894778872,2,ASV26_Mesorhizobium
ASV121_Mesorhizobium,0.00595124919192303,2,ASV121_Mesorhizobium
ASV78_ANPR,0.0054186278564931625,2,ASV78_ANPR
ASV89_ANPR,0.00510054811232738,2,ASV89_ANPR
ASV75_ANPR,0.004951105122284492,2,ASV75_ANPR
ASV142_unknown,0.0047914210746473,2,ASV142_unknown
ASV106_Mesorhizobium,0.004737898473967624,2,ASV106_Mesorhizobium
ASV71_unknown,0.004704311064720249,2,ASV71_unknown
ASV82_ANPR,0.004180208967105217,2,ASV82_ANPR
ASV158_Mesorhizobium,0.0038454956839183204,2,ASV158_Mesorhizobium
ASV160_Mesorhizobium,0.00383123550214853,2,ASV160_Mesorhizobium
ASV170_Mesorhizobium,0.00353652507890634,2,ASV170_Mesorhizobium
ASV185_unknown,0.0034794843518272,2,ASV185_unknown
ASV95_ANPR,0.003349033057581665,2,ASV95_ANPR
ASV126_unknown,0.0030198064707342405,2,ASV126_unknown
ASV171_Pseudomonas,0.00299050988481639,2,ASV171_Pseudomonas
ASV60_Mesorhizobium,0.0025425514702811713,2,ASV60_Mesorhizobium
ASV254_ANPR,0.00238620374947713,2,ASV254_ANPR
ASV247_Mesorhizobium,0.0022673689013956,2,ASV247_Mesorhizobium
ASV176_unknown,0.0022327472894720316,2,ASV176_unknown
ASV154_ANPR,0.002214035066415698,2,ASV154_ANPR
ASV118_Mesorhizobium,0.0021373059306180695,2,ASV118_Mesorhizobium
ASV218_Variovorax,0.0020127469423672113,2,ASV218_Variovorax
ASV137_ANPR,0.001959906454843397,2,ASV137_ANPR
ASV281_Mesorhizobium,0.0018918507814579602,2,ASV281_Mesorhizobium
ASV139_ANPR,0.0018555887265709592,2,ASV139_ANPR
ASV178_unknown,0.0017366624018274228,2,ASV178_unknown
ASV133_ANPR,0.001665357558691285,2,ASV133_ANPR
ASV401_Caulobacter,0.00158456689465223,2,ASV401_Caulobacter
ASV348_unknown,0.00136422405597597,2,ASV348_unknown
ASV162_ANPR,0.0013415044205834768,2,ASV162_ANPR
ASV215_Mesorhizobium,0.001219165502847912,2,ASV215_Mesorhizobium
ASV80_ANPR,0.001124515921780405,2,ASV80_ANPR
ASV153_ANPR,0.0010687880993187587,2,ASV153_ANPR
ASV261_ANPR,0.001066936054515858,2,ASV261_ANPR
ASV632_unknown,0.000933453952486041,2,ASV632_unknown
ASV560_unknown,0.0008802830299599092,2,ASV560_unknown
ASV74_ANPR,0.0008699617192002647,2,ASV74_ANPR
ASV41_unknown,0.0008068487853432518,2,ASV41_unknown
ASV523_unknown,0.0007240717009515423,2,ASV523_unknown
ASV76_Mesorhizobium,0.0006953099609851177,2,ASV76_Mesorhizobium
ASV748_Mesorhizobium,0.000632201391793741,2,ASV748_Mesorhizobium
ASV380_ANPR,0.000584666550239561,2,ASV380_ANPR
ASV853_Caulobacter,0.000549302847116489,2,ASV853_Caulobacter
ASV733_unknown,0.0005290231441449614,2,ASV733_unknown
ASV569_unknown,0.000472910268136043,2,ASV569_unknown
ASV2_Mesorhizobium,0.0004353109676801541,2,ASV2_Mesorhizobium
ASV756_Mesorhizobium,0.0004301372726087514,2,ASV756_Mesorhizobium
ASV920_ANPR,0.00042780545309350896,2,ASV920_ANPR
ASV869_ANPR,0.00041829866524698597,2,ASV869_ANPR
ASV451_ANPR,0.0003641644834600823,2,ASV451_ANPR
ASV1396_unknown,0.000334199563235743,2,ASV1396_unknown
ASV157_unknown,0.0003230801179116838,2,ASV157_unknown
ASV852_Mesorhizobium,0.0003194853074783309,2,ASV852_Mesorhizobium
ASV1257_unknown,0.000318477392858501,2,ASV1257_unknown
ASV1049_unknown,0.00029583608602796096,2,ASV1049_unknown
ASV1395_unknown,0.00027569684754915,2,ASV1395_unknown
ASV311_ANPR,0.000270816887449654,2,ASV311_ANPR
ASV1431_unknown,0.00026619005970262796,2,ASV1431_unknown
ASV1430_unknown,0.00026619005970262796,2,ASV1430_unknown
ASV1168_ANPR,0.00025307091802684187,2,ASV1168_ANPR
ASV306_Mesorhizobium,0.00020714756224261792,2,ASV306_Mesorhizobium
ASV6_Mesorhizobium,0.0002015178860112761,2,ASV6_Mesorhizobium
ASV1191_unknown,0.00019479358051210162,2,ASV1191_unknown
ASV1223_Mesorhizobium,0.0001312873530764799,2,ASV1223_Mesorhizobium
ASV1464_unknown,0.00010923248989340057,2,ASV1464_unknown
ASV67_Mesorhizobium,0.00010144523938361572,2,ASV67_Mesorhizobium
ASV7_Mesorhizobium,9.950586605049807e-05,2,ASV7_Mesorhizobium
ASV1032_unknown,9.350169169921056e-05,2,ASV1032_unknown
ASV5_Mesorhizobium,7.474500232965928e-05,2,ASV5_Mesorhizobium
ASV14_Mesorhizobium,6.301365846444177e-05,2,ASV14_Mesorhizobium
ASV954_unknown,3.936913334703596e-05,2,ASV954_unknown
ASV13_Mesorhizobium,3.14284217694201e-05,2,ASV13_Mesorhizobium
ASV24_Mesorhizobium,3.0794564516372406e-05,2,ASV24_Mesorhizobium
ASV25_Mesorhizobium,2.0952281179613398e-05,2,ASV25_Mesorhizobium
ASV124_Mesorhizobium,1.5477632932122364e-05,2,ASV124_Mesorhizobium
ASV503_unknown,1.4763425005138475e-05,2,ASV503_unknown
ASV728_unknown,1.1524122870198e-05,2,ASV728_unknown
ASV45_Mesorhizobium,1.0476140589806699e-05,2,ASV45_Mesorhizobium
ASV338_Aminobacter,5.762061435099019e-06,2,ASV338_Aminobacter
ASV134_Mesorhizobium,5.762061435099019e-06,2,ASV134_Mesorhizobium
ASV10_Mesorhizobium,4.75339392326121e-06,2,ASV10_Mesorhizobium
ASV1481_unknown,0.0,2,ASV1481_unknown
ASV16_Mesorhizobium,0.0,2,ASV16_Mesorhizobium
ASV91_Mesorhizobium,0.0,2,ASV91_Mesorhizobium
ASV896_unknown,0.0,2,ASV896_unknown
ASV93_ANPR,0.0,2,ASV93_ANPR
ASV166_Mesorhizobium,0.0,2,ASV166_Mesorhizobium
ASV144_ANPR,0.0,2,ASV144_ANPR
ASV135_unknown,0.0,2,ASV135_unknown
ASV56_ANPR,0.0,2,ASV56_ANPR
ASV504_Mesorhizobium,0.0,2,ASV504_Mesorhizobium
ASV1258_ANPR,0.0,2,ASV1258_ANPR
ASV727_Mesorhizobium,0.0,2,ASV727_Mesorhizobium
ASV58_ANPR,0.0,2,ASV58_ANPR
ASV125_unknown,0.0,2,ASV125_unknown
ASV1186_Mesorhizobium,0.0,2,ASV1186_Mesorhizobium
ASV115_Mesorhizobium,0.0,2,ASV115_Mesorhizobium
ASV974_Mesorhizobium,0.0,2,ASV974_Mesorhizobium
ASV98_unknown,0.0,2,ASV98_unknown
ASV110_ANPR,0.0,2,ASV110_ANPR
ASV108_Mesorhizobium,0.0,2,ASV108_Mesorhizobium
ASV104_Mesorhizobium,0.0,2,ASV104_Mesorhizobium
ASV637_ANPR,0.0,2,ASV637_ANPR
ASV697_Mesorhizobium,0.0,2,ASV697_Mesorhizobium
ASV1018_Mesorhizobium,0.0,2,ASV1018_Mesorhizobium
ASV186_Mesorhizobium,0.0,2,ASV186_Mesorhizobium
ASV474_Mesorhizobium,0.0,2,ASV474_Mesorhizobium
ASV188_Mesorhizobium,0.0,2,ASV188_Mesorhizobium
ASV217_Mesorhizobium,0.0,2,ASV217_Mesorhizobium
ASV328_unknown,0.0,2,ASV328_unknown
ASV832_unknown,0.0,2,ASV832_unknown
ASV30_Mesorhizobium,0.0,2,ASV30_Mesorhizobium
ASV358_Mesorhizobium,0.0,2,ASV358_Mesorhizobium
ASV295_Mesorhizobium,0.0,2,ASV295_Mesorhizobium
ASV29_Mesorhizobium,0.0,2,ASV29_Mesorhizobium
ASV38_Mesorhizobium,0.0,2,ASV38_Mesorhizobium
ASV85_Mesorhizobium,0.0,2,ASV85_Mesorhizobium
ASV250_Mesorhizobium,0.0,2,ASV250_Mesorhizobium
ASV79_Mesorhizobium,0.0,2,ASV79_Mesorhizobium
ASV244_ANPR,0.0,2,ASV244_ANPR
ASV231_Mesorhizobium,0.0,2,ASV231_Mesorhizobium
ASV984_Aminobacter,0.0,2,ASV984_Aminobacter
ASV427_ANPR,0.0,2,ASV427_ANPR
ASV19_Mesorhizobium,0.0,2,ASV19_Mesorhizobium
ASV44_Mesorhizobium,0.0,2,ASV44_Mesorhizobium
ASV403_ANPR,0.0,2,ASV403_ANPR
ASV20_Mesorhizobium,0.0,2,ASV20_Mesorhizobium
ASV435_Mesorhizobium,0.0,2,ASV435_Mesorhizobium
ASV43_unknown,0.0,2,ASV43_unknown
ASV534_Cutibacterium,-3.649977715654401e-06,2,ASV534_Cutibacterium
ASV23_Mesorhizobium,-5.89483612355577e-06,2,ASV23_Mesorhizobium
ASV879_Mesorhizobium,-2.1929536014876998e-05,2,ASV879_Mesorhizobium
ASV292_Mesorhizobium,-2.2052182981427616e-05,2,ASV292_Mesorhizobium
ASV646_ANPR,-7.42751035566348e-05,2,ASV646_ANPR
ASV359_Mesorhizobium,-9.143148927568456e-05,2,ASV359_Mesorhizobium
ASV202_unknown,-9.220592969406754e-05,2,ASV202_unknown
ASV458_unknown,-9.43173779768922e-05,2,ASV458_unknown
ASV426_unknown,-0.000117896722471115,2,ASV426_unknown
ASV81_Mesorhizobium,-0.00012589059031600184,2,ASV81_Mesorhizobium
ASV197_Mesorhizobium,-0.00022915304528718829,2,ASV197_Mesorhizobium
ASV336_Mesorhizobium,-0.00025260906334611714,2,ASV336_Mesorhizobium
ASV64_Mesorhizobium,-0.0002572760501837949,2,ASV64_Mesorhizobium
ASV1447_Rugamonas,-0.000281951514592272,2,ASV1447_Rugamonas
ASV70_Caulobacter,-0.000292204296941082,2,ASV70_Caulobacter
ASV626_Azorhizophilus,-0.00030403639259296003,2,ASV626_Azorhizophilus
ASV591_unknown,-0.0003056213621098338,2,ASV591_unknown
ASV421_unknown,-0.000328983786448997,2,ASV421_unknown
ASV1224_Duganella,-0.000353720991033942,2,ASV1224_Duganella
ASV386_unknown,-0.000359685136869825,2,ASV386_unknown
ASV396_unknown,-0.0004158459549044126,2,ASV396_unknown
ASV343_Mesorhizobium,-0.0004711536125903951,2,ASV343_Mesorhizobium
ASV747_unknown,-0.0004828661669133769,2,ASV747_unknown
ASV717_Pseudomonas,-0.0004889081466859129,2,ASV717_Pseudomonas
ASV307_unknown,-0.000515686974805904,2,ASV307_unknown
ASV392_unknown,-0.00053158079513846,2,ASV392_unknown
ASV161_Mesorhizobium,-0.0005480332221746271,2,ASV161_Mesorhizobium
ASV375_unknown,-0.0005611958553150039,2,ASV375_unknown
ASV498_unknown,-0.000596185632620802,2,ASV498_unknown
ASV667_unknown,-0.000601603748941257,2,ASV667_unknown
ASV836_Rhizobacter,-0.000604914158579785,2,ASV836_Rhizobacter
ASV581_unknown,-0.00069659381456356,2,ASV581_unknown
ASV382_Mesorhizobium,-0.000736173008572853,2,ASV382_Mesorhizobium
ASV274_Mesorhizobium,-0.0008301044659326159,2,ASV274_Mesorhizobium
ASV519_Methylovorus,-0.0010110180531112064,2,ASV519_Methylovorus
ASV4_Mesorhizobium,-0.0011304236503164712,2,ASV4_Mesorhizobium
ASV391_Duganella,-0.00118419636128754,2,ASV391_Duganella
ASV315_Duganella,-0.001210505016509117,2,ASV315_Duganella
ASV146_unknown,-0.0013137218190815809,2,ASV146_unknown
ASV87_Mesorhizobium,-0.0013942517087763913,2,ASV87_Mesorhizobium
ASV111_Mesorhizobium,-0.0017651106693478012,2,ASV111_Mesorhizobium
ASV145_unknown,-0.0018202143408052361,2,ASV145_unknown
ASV112_Mesorhizobium,-0.0019002322685631708,2,ASV112_Mesorhizobium
ASV249_Duganella,-0.0020467424481978164,2,ASV249_Duganella
ASV47_Mesorhizobium,-0.0021200880162955886,2,ASV47_Mesorhizobium
ASV229_Achromobacter,-0.00273749288713225,2,ASV229_Achromobacter
ASV234_Achromobacter,-0.0029015374047132,2,ASV234_Achromobacter
ASV35_Mesorhizobium,-0.0029096027811797427,2,ASV35_Mesorhizobium
ASV156_Duganella,-0.0032361062297486236,2,ASV156_Duganella
ASV165_Herbaspirillum,-0.003245816675482867,2,ASV165_Herbaspirillum
ASV141_Pseudomonas,-0.0036271452568606604,2,ASV141_Pseudomonas
ASV48_Pseudomonas,-0.00474799857323153,2,ASV48_Pseudomonas
ASV119_Rhizobacter,-0.0056970360064559486,2,ASV119_Rhizobacter
ASV57_Pseudomonas,-0.021424091642705416,2,ASV57_Pseudomonas
ASV28_Pseudomonas,-0.031591295369430075,2,ASV28_Pseudomonas
ASV1_Mesorhizobium,-1.8895466048242784,2,ASV1_Mesorhizobium
ASV3_ANPR,0.9940727682789382,3,ASV3_ANPR
ASV9_ANPR,0.10900488864966795,3,ASV9_ANPR
ASV11_unknown,0.08966271234232942,3,ASV11_unknown
ASV12_Mesorhizobium,0.05544391380502121,3,ASV12_Mesorhizobium
ASV18_ANPR,0.04844471795289769,3,ASV18_ANPR
ASV21_ANPR,0.043058616213613336,3,ASV21_ANPR
ASV8_Mesorhizobium,0.03932631509119668,3,ASV8_Mesorhizobium
ASV27_unknown,0.02845435346800491,3,ASV27_unknown
ASV49_ANPR,0.027196719841604156,3,ASV49_ANPR
ASV33_ANPR,0.02547335168613403,3,ASV33_ANPR
ASV39_unknown,0.025397029393773845,3,ASV39_unknown
ASV34_ANPR,0.02277821796486373,3,ASV34_ANPR
ASV75_ANPR,0.015152483285320486,3,ASV75_ANPR
ASV72_ANPR,0.014850715221088526,3,ASV72_ANPR
ASV77_Caulobacter,0.01379361631809977,3,ASV77_Caulobacter
ASV61_ANPR,0.013409088598504617,3,ASV61_ANPR
ASV31_Mesorhizobium,0.012620610301364058,3,ASV31_Mesorhizobium
ASV78_ANPR,0.012069099407096164,3,ASV78_ANPR
ASV95_ANPR,0.011487309493522961,3,ASV95_ANPR
ASV37_unknown,0.011380284036391929,3,ASV37_unknown
ASV89_ANPR,0.010992314556032452,3,ASV89_ANPR
ASV82_ANPR,0.010742960975599495,3,ASV82_ANPR
ASV68_Mesorhizobium,0.006773525361121069,3,ASV68_Mesorhizobium
ASV15_Mesorhizobium,0.006430306765285191,3,ASV15_Mesorhizobium
ASV71_unknown,0.006275660481340319,3,ASV71_unknown
ASV154_ANPR,0.005457349801131129,3,ASV154_ANPR
ASV162_ANPR,0.004912818366497317,3,ASV162_ANPR
ASV106_Mesorhizobium,0.004801786704319103,3,ASV106_Mesorhizobium
ASV41_unknown,0.003861350300362695,3,ASV41_unknown
ASV126_unknown,0.0034548115357181616,3,ASV126_unknown
ASV133_ANPR,0.0031513854007790857,3,ASV133_ANPR
ASV171_Pseudomonas,0.00299050988481639,3,ASV171_Pseudomonas
ASV176_unknown,0.0029565276636814037,3,ASV176_unknown
ASV178_unknown,0.0026942116659683948,3,ASV178_unknown
ASV139_ANPR,0.0026812558242470083,3,ASV139_ANPR
ASV137_ANPR,0.0023068557479533664,3,ASV137_ANPR
ASV261_ANPR,0.0021654646932410134,3,ASV261_ANPR
ASV60_Mesorhizobium,0.002072561006816473,3,ASV60_Mesorhizobium
ASV74_ANPR,0.002068315128629191,3,ASV74_ANPR
ASV80_ANPR,0.00199054147033606,3,ASV80_ANPR
ASV637_ANPR,0.0018870194820162483,3,ASV637_ANPR
ASV380_ANPR,0.001657908880636304,3,ASV380_ANPR
ASV401_Caulobacter,0.00158456689465223,3,ASV401_Caulobacter
ASV153_ANPR,0.0014453485836465449,3,ASV153_ANPR
ASV118_Mesorhizobium,0.0013877322380737613,3,ASV118_Mesorhizobium
ASV215_Mesorhizobium,0.0012551809883439126,3,ASV215_Mesorhizobium
ASV76_Mesorhizobium,0.0009517865593641002,3,ASV76_Mesorhizobium
ASV632_unknown,0.000933453952486041,3,ASV632_unknown
ASV560_unknown,0.0008802830299599092,3,ASV560_unknown
ASV427_ANPR,0.0008137771516195092,3,ASV427_ANPR
ASV157_unknown,0.0007607769800161375,3,ASV157_unknown
ASV523_unknown,0.0007240717009515423,3,ASV523_unknown
ASV81_Mesorhizobium,0.0006221022868435754,3,ASV81_Mesorhizobium
ASV853_Caulobacter,0.000549302847116489,3,ASV853_Caulobacter
ASV1168_ANPR,0.0004557830755600531,3,ASV1168_ANPR
ASV756_Mesorhizobium,0.000420630484762229,3,ASV756_Mesorhizobium
ASV1049_unknown,0.0003901870601287734,3,ASV1049_unknown
ASV67_Mesorhizobium,0.00035593166758037914,3,ASV67_Mesorhizobium
ASV1396_unknown,0.000334199563235743,3,ASV1396_unknown
ASV306_Mesorhizobium,0.0003299895426460782,3,ASV306_Mesorhizobium
ASV852_Mesorhizobium,0.0003211475606550694,3,ASV852_Mesorhizobium
ASV311_ANPR,0.000270816887449654,3,ASV311_ANPR
ASV124_Mesorhizobium,0.0002056280759445446,3,ASV124_Mesorhizobium
ASV359_Mesorhizobium,0.000144051535877476,3,ASV359_Mesorhizobium
ASV1223_Mesorhizobium,0.00013405777503771072,3,ASV1223_Mesorhizobium
ASV202_unknown,0.000130358506600611,3,ASV202_unknown
ASV48_Pseudomonas,0.00011524122870198,3,ASV48_Pseudomonas
ASV57_Pseudomonas,9.795504439668341e-05,3,ASV57_Pseudomonas
ASV6_Mesorhizobium,2.3048245740396104e-05,3,ASV6_Mesorhizobium
ASV14_Mesorhizobium,1.939437442949949e-05,3,ASV14_Mesorhizobium
ASV728_unknown,1.1524122870198e-05,3,ASV728_unknown
ASV50_ANPR,7.2345812986073394e-06,3,ASV50_ANPR
ASV134_Mesorhizobium,5.762061435099019e-06,3,ASV134_Mesorhizobium
ASV338_Aminobacter,5.762061435099019e-06,3,ASV338_Aminobacter
ASV534_Cutibacterium,4.192247318253892e-06,3,ASV534_Cutibacterium
ASV7_Mesorhizobium,1.9070107820822012e-06,3,ASV7_Mesorhizobium
ASV85_Mesorhizobium,0.0,3,ASV85_Mesorhizobium
ASV869_ANPR,0.0,3,ASV869_ANPR
ASV426_unknown,0.0,3,ASV426_unknown
ASV896_unknown,0.0,3,ASV896_unknown
ASV84_Mesorhizobium,0.0,3,ASV84_Mesorhizobium
ASV43_unknown,0.0,3,ASV43_unknown
ASV403_ANPR,0.0,3,ASV403_ANPR
ASV63_unknown,0.0,3,ASV63_unknown
ASV91_Mesorhizobium,0.0,3,ASV91_Mesorhizobium
ASV920_ANPR,0.0,3,ASV920_ANPR
ASV44_Mesorhizobium,0.0,3,ASV44_Mesorhizobium
ASV93_ANPR,0.0,3,ASV93_ANPR
ASV954_unknown,0.0,3,ASV954_unknown
ASV97_ANPR,0.0,3,ASV97_ANPR
ASV38_Mesorhizobium,0.0,3,ASV38_Mesorhizobium
ASV974_Mesorhizobium,0.0,3,ASV974_Mesorhizobium
ASV98_unknown,0.0,3,ASV98_unknown
ASV36_Mesorhizobium,0.0,3,ASV36_Mesorhizobium
ASV435_Mesorhizobium,0.0,3,ASV435_Mesorhizobium
ASV458_unknown,0.0,3,ASV458_unknown
ASV45_Mesorhizobium,0.0,3,ASV45_Mesorhizobium
ASV832_unknown,0.0,3,ASV832_unknown
ASV358_Mesorhizobium,0.0,3,ASV358_Mesorhizobium
ASV697_Mesorhizobium,0.0,3,ASV697_Mesorhizobium
ASV59_ANPR,0.0,3,ASV59_ANPR
ASV58_ANPR,0.0,3,ASV58_ANPR
ASV727_Mesorhizobium,0.0,3,ASV727_Mesorhizobium
ASV748_Mesorhizobium,0.0,3,ASV748_Mesorhizobium
ASV56_ANPR,0.0,3,ASV56_ANPR
ASV55_ANPR,0.0,3,ASV55_ANPR
ASV53_ANPR,0.0,3,ASV53_ANPR
ASV51_Mesorhizobium,0.0,3,ASV51_Mesorhizobium
ASV504_Mesorhizobium,0.0,3,ASV504_Mesorhizobium
ASV503_unknown,0.0,3,ASV503_unknown
ASV5_Mesorhizobium,0.0,3,ASV5_Mesorhizobium
ASV79_Mesorhizobium,0.0,3,ASV79_Mesorhizobium
ASV474_Mesorhizobium,0.0,3,ASV474_Mesorhizobium
ASV66_Mesorhizobium,0.0,3,ASV66_Mesorhizobium
ASV451_ANPR,0.0,3,ASV451_ANPR
ASV336_Mesorhizobium,0.0,3,ASV336_Mesorhizobium
ASV984_Aminobacter,0.0,3,ASV984_Aminobacter
ASV170_Mesorhizobium,0.0,3,ASV170_Mesorhizobium
ASV188_Mesorhizobium,0.0,3,ASV188_Mesorhizobium
ASV161_Mesorhizobium,0.0,3,ASV161_Mesorhizobium
ASV109_Mesorhizobium,0.0,3,ASV109_Mesorhizobium
ASV166_Mesorhizobium,0.0,3,ASV166_Mesorhizobium
ASV348_unknown,0.0,3,ASV348_unknown
ASV185_unknown,0.0,3,ASV185_unknown
ASV186_Mesorhizobium,0.0,3,ASV186_Mesorhizobium
ASV115_Mesorhizobium,0.0,3,ASV115_Mesorhizobium
ASV16_Mesorhizobium,0.0,3,ASV16_Mesorhizobium
ASV19_Mesorhizobium,0.0,3,ASV19_Mesorhizobium
ASV197_Mesorhizobium,0.0,3,ASV197_Mesorhizobium
ASV20_Mesorhizobium,0.0,3,ASV20_Mesorhizobium
ASV217_Mesorhizobium,0.0,3,ASV217_Mesorhizobium
ASV218_Variovorax,0.0,3,ASV218_Variovorax
ASV22_Mesorhizobium,0.0,3,ASV22_Mesorhizobium
ASV160_Mesorhizobium,0.0,3,ASV160_Mesorhizobium
ASV158_Mesorhizobium,0.0,3,ASV158_Mesorhizobium
ASV23_Mesorhizobium,0.0,3,ASV23_Mesorhizobium
ASV13_Mesorhizobium,0.0,3,ASV13_Mesorhizobium
ASV1186_Mesorhizobium,0.0,3,ASV1186_Mesorhizobium
ASV120_ANPR,0.0,3,ASV120_ANPR
ASV121_Mesorhizobium,0.0,3,ASV121_Mesorhizobium
ASV125_unknown,0.0,3,ASV125_unknown
ASV1257_unknown,0.0,3,ASV1257_unknown
ASV1258_ANPR,0.0,3,ASV1258_ANPR
ASV135_unknown,0.0,3,ASV135_unknown
ASV110_ANPR,0.0,3,ASV110_ANPR
ASV1395_unknown,0.0,3,ASV1395_unknown
ASV142_unknown,0.0,3,ASV142_unknown
ASV1430_unknown,0.0,3,ASV1430_unknown
ASV1431_unknown,0.0,3,ASV1431_unknown
ASV144_ANPR,0.0,3,ASV144_ANPR
ASV1481_unknown,0.0,3,ASV1481_unknown
ASV108_Mesorhizobium,0.0,3,ASV108_Mesorhizobium
ASV117_ANPR,0.0,3,ASV117_ANPR
ASV26_Mesorhizobium,0.0,3,ASV26_Mesorhizobium
ASV1032_unknown,0.0,3,ASV1032_unknown
ASV1018_Mesorhizobium,0.0,3,ASV1018_Mesorhizobium
ASV29_Mesorhizobium,0.0,3,ASV29_Mesorhizobium
ASV292_Mesorhizobium,0.0,3,ASV292_Mesorhizobium
ASV10_Mesorhizobium,0.0,3,ASV10_Mesorhizobium
ASV295_Mesorhizobium,0.0,3,ASV295_Mesorhizobium
ASV254_ANPR,0.0,3,ASV254_ANPR
ASV250_Mesorhizobium,0.0,3,ASV250_Mesorhizobium
ASV281_Mesorhizobium,0.0,3,ASV281_Mesorhizobium
ASV25_Mesorhizobium,0.0,3,ASV25_Mesorhizobium
ASV32_ANPR,0.0,3,ASV32_ANPR
ASV231_Mesorhizobium,0.0,3,ASV231_Mesorhizobium
ASV30_Mesorhizobium,0.0,3,ASV30_Mesorhizobium
ASV247_Mesorhizobium,0.0,3,ASV247_Mesorhizobium
ASV244_ANPR,0.0,3,ASV244_ANPR
ASV24_Mesorhizobium,0.0,3,ASV24_Mesorhizobium
ASV104_Mesorhizobium,0.0,3,ASV104_Mesorhizobium
ASV328_unknown,0.0,3,ASV328_unknown
ASV17_ANPR,-1.02527823488099e-05,3,ASV17_ANPR
ASV879_Mesorhizobium,-2.1929536014876998e-05,3,ASV879_Mesorhizobium
ASV64_Mesorhizobium,-4.479583617952781e-05,3,ASV64_Mesorhizobium
ASV733_unknown,-4.6137520569644603e-05,3,ASV733_unknown
ASV1464_unknown,-6.66430852672644e-05,3,ASV1464_unknown
ASV1191_unknown,-6.66430852672644e-05,3,ASV1191_unknown
ASV646_ANPR,-6.707200645743467e-05,3,ASV646_ANPR
ASV2_Mesorhizobium,-7.324596240731898e-05,3,ASV2_Mesorhizobium
ASV626_Azorhizophilus,-0.00012719130888628701,3,ASV626_Azorhizophilus
ASV421_unknown,-0.000140349030495213,3,ASV421_unknown
ASV569_unknown,-0.000164044517580959,3,ASV569_unknown
ASV386_unknown,-0.000171050380916041,3,ASV386_unknown
ASV307_unknown,-0.00019736582413389298,3,ASV307_unknown
ASV591_unknown,-0.00019951431188582983,3,ASV591_unknown
ASV375_unknown,-0.00021929536014876999,3,ASV375_unknown
ASV396_unknown,-0.00022721119895062863,3,ASV396_unknown
ASV392_unknown,-0.00023683898896067202,3,ASV392_unknown
ASV343_Mesorhizobium,-0.00027072918438949916,3,ASV343_Mesorhizobium
ASV1447_Rugamonas,-0.000281951514592272,3,ASV1447_Rugamonas
ASV70_Caulobacter,-0.000292204296941082,3,ASV70_Caulobacter
ASV1224_Duganella,-0.000353720991033942,3,ASV1224_Duganella
ASV274_Mesorhizobium,-0.00037030724829526586,3,ASV274_Mesorhizobium
ASV717_Pseudomonas,-0.000412275277079688,3,ASV717_Pseudomonas
ASV747_unknown,-0.0004828661669133769,3,ASV747_unknown
ASV498_unknown,-0.0005254475991381328,3,ASV498_unknown
ASV667_unknown,-0.000601603748941257,3,ASV667_unknown
ASV836_Rhizobacter,-0.000604914158579785,3,ASV836_Rhizobacter
ASV146_unknown,-0.0006535001732433349,3,ASV146_unknown
ASV4_Mesorhizobium,-0.0006906223120041521,3,ASV4_Mesorhizobium
ASV581_unknown,-0.00069659381456356,3,ASV581_unknown
ASV382_Mesorhizobium,-0.000736173008572853,3,ASV382_Mesorhizobium
ASV111_Mesorhizobium,-0.000872242627120276,3,ASV111_Mesorhizobium
ASV145_unknown,-0.0008947250694069811,3,ASV145_unknown
ASV47_Mesorhizobium,-0.0009784565709842288,3,ASV47_Mesorhizobium
ASV519_Methylovorus,-0.00102527823488099,3,ASV519_Methylovorus
ASV87_Mesorhizobium,-0.0011096345223527801,3,ASV87_Mesorhizobium
ASV391_Duganella,-0.00118419636128754,3,ASV391_Duganella
ASV315_Duganella,-0.001210505016509117,3,ASV315_Duganella
ASV112_Mesorhizobium,-0.001236598288586083,3,ASV112_Mesorhizobium
ASV35_Mesorhizobium,-0.0020310434333495977,3,ASV35_Mesorhizobium
ASV249_Duganella,-0.0020467424481978164,3,ASV249_Duganella
ASV229_Achromobacter,-0.00273749288713225,3,ASV229_Achromobacter
ASV234_Achromobacter,-0.0029015374047132,3,ASV234_Achromobacter
ASV156_Duganella,-0.0032361062297486236,3,ASV156_Duganella
ASV165_Herbaspirillum,-0.003245816675482867,3,ASV165_Herbaspirillum
ASV141_Pseudomonas,-0.0036271452568606604,3,ASV141_Pseudomonas
ASV119_Rhizobacter,-0.00656690709441275,3,ASV119_Rhizobacter
ASV28_Pseudomonas,-0.026992349498601402,3,ASV28_Pseudomonas
ASV1_Mesorhizobium,-1.6501461711225343,3,ASV1_Mesorhizobium
ASV3_ANPR,1.0074974031697355,4,ASV3_ANPR
ASV17_ANPR,0.1264015052128602,4,ASV17_ANPR
ASV22_Mesorhizobium,0.0851713123169943,4,ASV22_Mesorhizobium
ASV32_ANPR,0.0594506977982279,4,ASV32_ANPR
ASV36_Mesorhizobium,0.037014678480435,4,ASV36_Mesorhizobium
ASV9_ANPR,0.03306470569029213,4,ASV9_ANPR
ASV50_ANPR,0.025677833973457003,4,ASV50_ANPR
ASV51_Mesorhizobium,0.0252975624595962,4,ASV51_Mesorhizobium
ASV53_ANPR,0.0244086777959463,4,ASV53_ANPR
ASV55_ANPR,0.0236861619196106,4,ASV55_ANPR
ASV59_ANPR,0.0218085713199224,4,ASV59_ANPR
ASV63_unknown,0.0191561775107427,4,ASV63_unknown
ASV66_Mesorhizobium,0.0167509601855725,4,ASV66_Mesorhizobium
ASV18_ANPR,0.013972882459355497,4,ASV18_ANPR
ASV77_Caulobacter,0.01379361631809977,4,ASV77_Caulobacter
ASV39_unknown,0.012173098103576273,4,ASV39_unknown
ASV11_unknown,0.009798149303287679,4,ASV11_unknown
ASV97_ANPR,0.00944024033159676,4,ASV97_ANPR
ASV84_Mesorhizobium,0.007519869186599229,4,ASV84_Mesorhizobium
ASV21_ANPR,0.0074677072486221095,4,ASV21_ANPR
ASV109_Mesorhizobium,0.00735825379320835,4,ASV109_Mesorhizobium
ASV117_ANPR,0.007115830703122029,4,ASV117_ANPR
ASV120_ANPR,0.0065311632505609,4,ASV120_ANPR
ASV26_Mesorhizobium,0.00645510894778872,4,ASV26_Mesorhizobium
ASV121_Mesorhizobium,0.00595124919192303,4,ASV121_Mesorhizobium
ASV68_Mesorhizobium,0.005283464307149497,4,ASV68_Mesorhizobium
ASV49_ANPR,0.0051991732882762385,4,ASV49_ANPR
ASV142_unknown,0.0047914210746473,4,ASV142_unknown
ASV72_ANPR,0.004433896114722039,4,ASV72_ANPR
ASV158_Mesorhizobium,0.0038454956839183204,4,ASV158_Mesorhizobium
ASV160_Mesorhizobium,0.00383123550214853,4,ASV160_Mesorhizobium
ASV78_ANPR,0.0036072065741531607,4,ASV78_ANPR
ASV170_Mesorhizobium,0.00353652507890634,4,ASV170_Mesorhizobium
ASV185_unknown,0.0034794843518272,4,ASV185_unknown
ASV89_ANPR,0.0034289846621265575,4,ASV89_ANPR
ASV61_ANPR,0.0033784263393546914,4,ASV61_ANPR
ASV34_ANPR,0.0032623697419783505,4,ASV34_ANPR
ASV75_ANPR,0.0030081065575814463,4,ASV75_ANPR
ASV171_Pseudomonas,0.00299050988481639,4,ASV171_Pseudomonas
ASV106_Mesorhizobium,0.0029425248043037015,4,ASV106_Mesorhizobium
ASV82_ANPR,0.002677106589565994,4,ASV82_ANPR
ASV15_Mesorhizobium,0.0025740624360734137,4,ASV15_Mesorhizobium
ASV254_ANPR,0.00238620374947713,4,ASV254_ANPR
ASV33_ANPR,0.002274011585045581,4,ASV33_ANPR
ASV247_Mesorhizobium,0.0022673689013956,4,ASV247_Mesorhizobium
ASV126_unknown,0.0021816304728012434,4,ASV126_unknown
ASV95_ANPR,0.002107339361519749,4,ASV95_ANPR
ASV281_Mesorhizobium,0.0018918507814579602,4,ASV281_Mesorhizobium
ASV137_ANPR,0.0018371334434805048,4,ASV137_ANPR
ASV153_ANPR,0.001684067943527115,4,ASV153_ANPR
ASV401_Caulobacter,0.00158456689465223,4,ASV401_Caulobacter
ASV139_ANPR,0.0014100571117940898,4,ASV139_ANPR
ASV348_unknown,0.00136422405597597,4,ASV348_unknown
ASV133_ANPR,0.0013041394643600699,4,ASV133_ANPR
ASV176_unknown,0.0012425748523138464,4,ASV176_unknown
ASV178_unknown,0.0012033190325972066,4,ASV178_unknown
ASV154_ANPR,0.001192483643576948,4,ASV154_ANPR
ASV27_unknown,0.0010772426371991788,4,ASV27_unknown
ASV646_ANPR,0.0010648828623000552,4,ASV646_ANPR
ASV162_ANPR,0.001064856320345936,4,ASV162_ANPR
ASV380_ANPR,0.000982032729186798,4,ASV380_ANPR
ASV632_unknown,0.000933453952486041,4,ASV632_unknown
ASV560_unknown,0.0008802830299599092,4,ASV560_unknown
ASV311_ANPR,0.000798461707108192,4,ASV311_ANPR
ASV87_Mesorhizobium,0.000755789633798532,4,ASV87_Mesorhizobium
ASV523_unknown,0.0007240717009515423,4,ASV523_unknown
ASV748_Mesorhizobium,0.000632201391793741,4,ASV748_Mesorhizobium
ASV569_unknown,0.0005514728864709869,4,ASV569_unknown
ASV853_Caulobacter,0.000549302847116489,4,ASV853_Caulobacter
ASV451_ANPR,0.000549181342909907,4,ASV451_ANPR
ASV37_unknown,0.0005383124382389607,4,ASV37_unknown
ASV733_unknown,0.0005290231441449614,4,ASV733_unknown
ASV118_Mesorhizobium,0.0005168489012004031,4,ASV118_Mesorhizobium
ASV261_ANPR,0.000486437804467566,4,ASV261_ANPR
ASV756_Mesorhizobium,0.0004301372726087514,4,ASV756_Mesorhizobium
ASV920_ANPR,0.00042780545309350896,4,ASV920_ANPR
ASV869_ANPR,0.00041829866524698597,4,ASV869_ANPR
ASV1396_unknown,0.000334199563235743,4,ASV1396_unknown
ASV1257_unknown,0.000318477392858501,4,ASV1257_unknown
ASV1395_unknown,0.00027569684754915,4,ASV1395_unknown
ASV1431_unknown,0.00026619005970262796,4,ASV1431_unknown
ASV1430_unknown,0.00026619005970262796,4,ASV1430_unknown
ASV1049_unknown,0.000212119069504348,4,ASV1049_unknown
ASV1191_unknown,0.00021050610417909044,4,ASV1191_unknown
ASV292_Mesorhizobium,0.00020914933262349298,4,ASV292_Mesorhizobium
ASV852_Mesorhizobium,0.00015528031304525692,4,ASV852_Mesorhizobium
ASV359_Mesorhizobium,0.000144051535877476,4,ASV359_Mesorhizobium
ASV48_Pseudomonas,0.00011524122870198,4,ASV48_Pseudomonas
ASV1168_ANPR,0.0001107025731519789,4,ASV1168_ANPR
ASV1464_unknown,0.00010923248989340057,4,ASV1464_unknown
ASV57_Pseudomonas,9.795504439668341e-05,4,ASV57_Pseudomonas
ASV1223_Mesorhizobium,8.35523762855999e-05,4,ASV1223_Mesorhizobium
ASV6_Mesorhizobium,7.05821849730082e-05,4,ASV6_Mesorhizobium
ASV534_Cutibacterium,6.480892263289328e-05,4,ASV534_Cutibacterium
ASV591_unknown,4.609649148079221e-05,4,ASV591_unknown
ASV498_unknown,4.0334430045693104e-05,4,ASV498_unknown
ASV14_Mesorhizobium,3.655749963677918e-05,4,ASV14_Mesorhizobium
ASV274_Mesorhizobium,2.88103071754951e-05,4,ASV274_Mesorhizobium
ASV343_Mesorhizobium,1.87406910068768e-05,4,ASV343_Mesorhizobium
ASV728_unknown,1.1524122870198e-05,4,ASV728_unknown
ASV338_Aminobacter,5.762061435099019e-06,4,ASV338_Aminobacter
ASV10_Mesorhizobium,4.75339392326121e-06,4,ASV10_Mesorhizobium
ASV134_Mesorhizobium,4.26383242440496e-06,4,ASV134_Mesorhizobium
ASV435_Mesorhizobium,0.0,4,ASV435_Mesorhizobium
ASV44_Mesorhizobium,0.0,4,ASV44_Mesorhizobium
ASV474_Mesorhizobium,0.0,4,ASV474_Mesorhizobium
ASV43_unknown,0.0,4,ASV43_unknown
ASV45_Mesorhizobium,0.0,4,ASV45_Mesorhizobium
ASV427_ANPR,0.0,4,ASV427_ANPR
ASV458_unknown,0.0,4,ASV458_unknown
ASV336_Mesorhizobium,0.0,4,ASV336_Mesorhizobium
ASV503_unknown,0.0,4,ASV503_unknown
ASV832_unknown,0.0,4,ASV832_unknown
ASV98_unknown,0.0,4,ASV98_unknown
ASV974_Mesorhizobium,0.0,4,ASV974_Mesorhizobium
ASV954_unknown,0.0,4,ASV954_unknown
ASV93_ANPR,0.0,4,ASV93_ANPR
ASV91_Mesorhizobium,0.0,4,ASV91_Mesorhizobium
ASV896_unknown,0.0,4,ASV896_unknown
ASV879_Mesorhizobium,0.0,4,ASV879_Mesorhizobium
ASV85_Mesorhizobium,0.0,4,ASV85_Mesorhizobium
ASV79_Mesorhizobium,0.0,4,ASV79_Mesorhizobium
ASV504_Mesorhizobium,0.0,4,ASV504_Mesorhizobium
ASV727_Mesorhizobium,0.0,4,ASV727_Mesorhizobium
ASV421_unknown,0.0,4,ASV421_unknown
ASV717_Pseudomonas,0.0,4,ASV717_Pseudomonas
ASV697_Mesorhizobium,0.0,4,ASV697_Mesorhizobium
ASV637_ANPR,0.0,4,ASV637_ANPR
ASV626_Azorhizophilus,0.0,4,ASV626_Azorhizophilus
ASV58_ANPR,0.0,4,ASV58_ANPR
ASV56_ANPR,0.0,4,ASV56_ANPR
ASV426_unknown,0.0,4,ASV426_unknown
ASV984_Aminobacter,0.0,4,ASV984_Aminobacter
ASV1032_unknown,0.0,4,ASV1032_unknown
ASV295_Mesorhizobium,0.0,4,ASV295_Mesorhizobium
ASV188_Mesorhizobium,0.0,4,ASV188_Mesorhizobium
ASV250_Mesorhizobium,0.0,4,ASV250_Mesorhizobium
ASV25_Mesorhizobium,0.0,4,ASV25_Mesorhizobium
ASV135_unknown,0.0,4,ASV135_unknown
ASV244_ANPR,0.0,4,ASV244_ANPR
ASV24_Mesorhizobium,0.0,4,ASV24_Mesorhizobium
ASV141_Pseudomonas,0.0,4,ASV141_Pseudomonas
ASV144_ANPR,0.0,4,ASV144_ANPR
ASV231_Mesorhizobium,0.0,4,ASV231_Mesorhizobium
ASV23_Mesorhizobium,0.0,4,ASV23_Mesorhizobium
ASV186_Mesorhizobium,0.0,4,ASV186_Mesorhizobium
ASV145_unknown,0.0,4,ASV145_unknown
ASV218_Variovorax,0.0,4,ASV218_Variovorax
ASV217_Mesorhizobium,0.0,4,ASV217_Mesorhizobium
ASV146_unknown,0.0,4,ASV146_unknown
ASV1481_unknown,0.0,4,ASV1481_unknown
ASV16_Mesorhizobium,0.0,4,ASV16_Mesorhizobium
ASV29_Mesorhizobium,0.0,4,ASV29_Mesorhizobium
ASV30_Mesorhizobium,0.0,4,ASV30_Mesorhizobium
ASV166_Mesorhizobium,0.0,4,ASV166_Mesorhizobium
ASV13_Mesorhizobium,0.0,4,ASV13_Mesorhizobium
ASV104_Mesorhizobium,0.0,4,ASV104_Mesorhizobium
ASV19_Mesorhizobium,0.0,4,ASV19_Mesorhizobium
ASV392_unknown,0.0,4,ASV392_unknown
ASV108_Mesorhizobium,0.0,4,ASV108_Mesorhizobium
ASV386_unknown,0.0,4,ASV386_unknown
ASV110_ANPR,0.0,4,ASV110_ANPR
ASV38_Mesorhizobium,0.0,4,ASV38_Mesorhizobium
ASV115_Mesorhizobium,0.0,4,ASV115_Mesorhizobium
ASV375_unknown,0.0,4,ASV375_unknown
ASV358_Mesorhizobium,0.0,4,ASV358_Mesorhizobium
ASV1186_Mesorhizobium,0.0,4,ASV1186_Mesorhizobium
ASV328_unknown,0.0,4,ASV328_unknown
ASV403_ANPR,0.0,4,ASV403_ANPR
ASV125_unknown,0.0,4,ASV125_unknown
ASV1258_ANPR,0.0,4,ASV1258_ANPR
ASV307_unknown,0.0,4,ASV307_unknown
ASV1018_Mesorhizobium,0.0,4,ASV1018_Mesorhizobium
ASV20_Mesorhizobium,0.0,4,ASV20_Mesorhizobium
ASV7_Mesorhizobium,-4.9753490414540875e-06,4,ASV7_Mesorhizobium
ASV396_unknown,-7.915838801858639e-06,4,ASV396_unknown
ASV60_Mesorhizobium,-2.918365945649322e-05,4,ASV60_Mesorhizobium
ASV5_Mesorhizobium,-4.12941589412178e-05,4,ASV5_Mesorhizobium
ASV28_Pseudomonas,-0.0001198960659711007,4,ASV28_Pseudomonas
ASV306_Mesorhizobium,-0.00014172356231270417,4,ASV306_Mesorhizobium
ASV197_Mesorhizobium,-0.00014179690848243996,4,ASV197_Mesorhizobium
ASV1447_Rugamonas,-0.000281951514592272,4,ASV1447_Rugamonas
ASV70_Caulobacter,-0.000292204296941082,4,ASV70_Caulobacter
ASV47_Mesorhizobium,-0.00031613767729812,4,ASV47_Mesorhizobium
ASV2_Mesorhizobium,-0.00031684435570165145,4,ASV2_Mesorhizobium
ASV1224_Duganella,-0.000353720991033942,4,ASV1224_Duganella
ASV161_Mesorhizobium,-0.00042670630905925,4,ASV161_Mesorhizobium
ASV747_unknown,-0.0004828661669133769,4,ASV747_unknown
ASV215_Mesorhizobium,-0.000495594180900564,4,ASV215_Mesorhizobium
ASV111_Mesorhizobium,-0.0005466018490215261,4,ASV111_Mesorhizobium
ASV667_unknown,-0.000601603748941257,4,ASV667_unknown
ASV836_Rhizobacter,-0.000604914158579785,4,ASV836_Rhizobacter
ASV581_unknown,-0.00069659381456356,4,ASV581_unknown
ASV382_Mesorhizobium,-0.000736173008572853,4,ASV382_Mesorhizobium
ASV4_Mesorhizobium,-0.000901273422294596,4,ASV4_Mesorhizobium
ASV157_unknown,-0.000992865601756027,4,ASV157_unknown
ASV519_Methylovorus,-0.0010110180531112064,4,ASV519_Methylovorus
ASV391_Duganella,-0.00118419636128754,4,ASV391_Duganella
ASV315_Duganella,-0.001210505016509117,4,ASV315_Duganella
ASV112_Mesorhizobium,-0.001306352894852205,4,ASV112_Mesorhizobium
ASV71_unknown,-0.0013231023289618704,4,ASV71_unknown
ASV202_unknown,-0.001516380544775749,4,ASV202_unknown
ASV35_Mesorhizobium,-0.0017280092077597048,4,ASV35_Mesorhizobium
ASV249_Duganella,-0.0020467424481978164,4,ASV249_Duganella
ASV12_Mesorhizobium,-0.002134762312332932,4,ASV12_Mesorhizobium
ASV124_Mesorhizobium,-0.0022026374295077964,4,ASV124_Mesorhizobium
ASV31_Mesorhizobium,-0.0023674007334243,4,ASV31_Mesorhizobium
ASV81_Mesorhizobium,-0.0025753593907198156,4,ASV81_Mesorhizobium
ASV229_Achromobacter,-0.00273749288713225,4,ASV229_Achromobacter
ASV234_Achromobacter,-0.0029015374047132,4,ASV234_Achromobacter
ASV74_ANPR,-0.0031502055482416657,4,ASV74_ANPR
ASV156_Duganella,-0.0032361062297486236,4,ASV156_Duganella
ASV165_Herbaspirillum,-0.0032376972238969113,4,ASV165_Herbaspirillum
ASV80_ANPR,-0.0035823599321909475,4,ASV80_ANPR
ASV64_Mesorhizobium,-0.0050024695777626,4,ASV64_Mesorhizobium
ASV76_Mesorhizobium,-0.005238925894269911,4,ASV76_Mesorhizobium
ASV119_Rhizobacter,-0.005579192078953532,4,ASV119_Rhizobacter
ASV67_Mesorhizobium,-0.0060393958541151375,4,ASV67_Mesorhizobium
ASV8_Mesorhizobium,-0.0067888360058431935,4,ASV8_Mesorhizobium
ASV41_unknown,-0.012687733480095139,4,ASV41_unknown
ASV1_Mesorhizobium,-1.628994000128018,4,ASV1_Mesorhizobium
ASV3_ANPR,0.9288004453484093,5,ASV3_ANPR
ASV17_ANPR,0.1264015052128602,5,ASV17_ANPR
ASV9_ANPR,0.09878912812863583,5,ASV9_ANPR
ASV22_Mesorhizobium,0.0851713123169943,5,ASV22_Mesorhizobium
ASV12_Mesorhizobium,0.07838904724600858,5,ASV12_Mesorhizobium
ASV11_unknown,0.07423787797245777,5,ASV11_unknown
ASV8_Mesorhizobium,0.0666229342124279,5,ASV8_Mesorhizobium
ASV32_ANPR,0.0594506977982279,5,ASV32_ANPR
ASV18_ANPR,0.03779490103393891,5,ASV18_ANPR
ASV36_Mesorhizobium,0.037014678480435,5,ASV36_Mesorhizobium
ASV21_ANPR,0.03691952927101049,5,ASV21_ANPR
ASV27_unknown,0.03651992994908032,5,ASV27_unknown
ASV15_Mesorhizobium,0.03269653630721331,5,ASV15_Mesorhizobium
ASV50_ANPR,0.02568506855475561,5,ASV50_ANPR
ASV51_Mesorhizobium,0.0252975624595962,5,ASV51_Mesorhizobium
ASV33_ANPR,0.02514049055307088,5,ASV33_ANPR
ASV53_ANPR,0.0244086777959463,5,ASV53_ANPR
ASV55_ANPR,0.0236861619196106,5,ASV55_ANPR
ASV59_ANPR,0.0218085713199224,5,ASV59_ANPR
ASV31_Mesorhizobium,0.021751154803087064,5,ASV31_Mesorhizobium
ASV34_ANPR,0.01983179753475714,5,ASV34_ANPR
ASV39_unknown,0.019403238238907335,5,ASV39_unknown
ASV63_unknown,0.0191561775107427,5,ASV63_unknown
ASV66_Mesorhizobium,0.0167509601855725,5,ASV66_Mesorhizobium
ASV77_Caulobacter,0.01379361631809977,5,ASV77_Caulobacter
ASV37_unknown,0.01256605643841964,5,ASV37_unknown
ASV61_ANPR,0.01183925610995023,5,ASV61_ANPR
ASV49_ANPR,0.010077029664167878,5,ASV49_ANPR
ASV97_ANPR,0.00944024033159676,5,ASV97_ANPR
ASV68_Mesorhizobium,0.00843476640324857,5,ASV68_Mesorhizobium
ASV72_ANPR,0.007588476676216822,5,ASV72_ANPR
ASV84_Mesorhizobium,0.007519869186599229,5,ASV84_Mesorhizobium
ASV109_Mesorhizobium,0.00735825379320835,5,ASV109_Mesorhizobium
ASV117_ANPR,0.007115830703122029,5,ASV117_ANPR
ASV120_ANPR,0.0065311632505609,5,ASV120_ANPR
ASV26_Mesorhizobium,0.00645510894778872,5,ASV26_Mesorhizobium
ASV71_unknown,0.006412629767531929,5,ASV71_unknown
ASV121_Mesorhizobium,0.00595124919192303,5,ASV121_Mesorhizobium
ASV78_ANPR,0.005619109678263694,5,ASV78_ANPR
ASV41_unknown,0.0055376970815291734,5,ASV41_unknown
ASV89_ANPR,0.005335254266121393,5,ASV89_ANPR
ASV75_ANPR,0.0051949320553686795,5,ASV75_ANPR
ASV106_Mesorhizobium,0.0050510154713963576,5,ASV106_Mesorhizobium
ASV142_unknown,0.0047914210746473,5,ASV142_unknown
ASV82_ANPR,0.004504229952430819,5,ASV82_ANPR
ASV60_Mesorhizobium,0.004071156556271259,5,ASV60_Mesorhizobium
ASV158_Mesorhizobium,0.0038454956839183204,5,ASV158_Mesorhizobium
ASV160_Mesorhizobium,0.00383123550214853,5,ASV160_Mesorhizobium
ASV170_Mesorhizobium,0.00353652507890634,5,ASV170_Mesorhizobium
ASV185_unknown,0.0034794843518272,5,ASV185_unknown
ASV95_ANPR,0.003452753002715597,5,ASV95_ANPR
ASV126_unknown,0.003184266001041565,5,ASV126_unknown
ASV171_Pseudomonas,0.00299050988481639,5,ASV171_Pseudomonas
ASV76_Mesorhizobium,0.0029659359613537963,5,ASV76_Mesorhizobium
ASV80_ANPR,0.0027388541223596075,5,ASV80_ANPR
ASV118_Mesorhizobium,0.002592989872221692,5,ASV118_Mesorhizobium
ASV218_Variovorax,0.00251345837122981,5,ASV218_Variovorax
ASV254_ANPR,0.00238620374947713,5,ASV254_ANPR
ASV176_unknown,0.0023253847508652673,5,ASV176_unknown
ASV247_Mesorhizobium,0.0022673689013956,5,ASV247_Mesorhizobium
ASV74_ANPR,0.002241679933878913,5,ASV74_ANPR
ASV154_ANPR,0.002214035066415698,5,ASV154_ANPR
ASV137_ANPR,0.002128850653334934,5,ASV137_ANPR
ASV139_ANPR,0.002043305264005624,5,ASV139_ANPR
ASV67_Mesorhizobium,0.0019898247260991524,5,ASV67_Mesorhizobium
ASV178_unknown,0.0019207108072926218,5,ASV178_unknown
ASV281_Mesorhizobium,0.0018918507814579602,5,ASV281_Mesorhizobium
ASV133_ANPR,0.001665357558691285,5,ASV133_ANPR
ASV215_Mesorhizobium,0.001590541020631086,5,ASV215_Mesorhizobium
ASV401_Caulobacter,0.00158456689465223,5,ASV401_Caulobacter
ASV162_ANPR,0.0014182257067860457,5,ASV162_ANPR
ASV348_unknown,0.00136422405597597,5,ASV348_unknown
ASV153_ANPR,0.001215696098007052,5,ASV153_ANPR
ASV261_ANPR,0.001113456920767151,5,ASV261_ANPR
ASV124_Mesorhizobium,0.0009377819020518221,5,ASV124_Mesorhizobium
ASV632_unknown,0.000933453952486041,5,ASV632_unknown
ASV560_unknown,0.0008802830299599092,5,ASV560_unknown
ASV523_unknown,0.0007240717009515423,5,ASV523_unknown
ASV748_Mesorhizobium,0.000632201391793741,5,ASV748_Mesorhizobium
ASV380_ANPR,0.000584666550239561,5,ASV380_ANPR
ASV853_Caulobacter,0.000549302847116489,5,ASV853_Caulobacter
ASV733_unknown,0.0005290231441449614,5,ASV733_unknown
ASV569_unknown,0.000472910268136043,5,ASV569_unknown
ASV451_ANPR,0.000454757749317863,5,ASV451_ANPR
ASV202_unknown,0.00043719635459528775,5,ASV202_unknown
ASV756_Mesorhizobium,0.0004301372726087514,5,ASV756_Mesorhizobium
ASV920_ANPR,0.00042780545309350896,5,ASV920_ANPR
ASV869_ANPR,0.00041829866524698597,5,ASV869_ANPR
ASV852_Mesorhizobium,0.0003366257159914005,5,ASV852_Mesorhizobium
ASV1396_unknown,0.000334199563235743,5,ASV1396_unknown
ASV1257_unknown,0.000318477392858501,5,ASV1257_unknown
ASV306_Mesorhizobium,0.0003071289390733978,5,ASV306_Mesorhizobium
ASV1049_unknown,0.00029583608602796096,5,ASV1049_unknown
ASV1168_ANPR,0.000275924796044268,5,ASV1168_ANPR
ASV1395_unknown,0.00027569684754915,5,ASV1395_unknown
ASV311_ANPR,0.000270816887449654,5,ASV311_ANPR
ASV1431_unknown,0.00026619005970262796,5,ASV1431_unknown
ASV1430_unknown,0.00026619005970262796,5,ASV1430_unknown
ASV292_Mesorhizobium,0.00020914933262349298,5,ASV292_Mesorhizobium
ASV1191_unknown,0.00019479358051210162,5,ASV1191_unknown
ASV1223_Mesorhizobium,0.00014840139001883948,5,ASV1223_Mesorhizobium
ASV359_Mesorhizobium,0.000144051535877476,5,ASV359_Mesorhizobium
ASV1032_unknown,0.00011676212482485701,5,ASV1032_unknown
ASV48_Pseudomonas,0.00011524122870198,5,ASV48_Pseudomonas
ASV2_Mesorhizobium,0.0001094148296288571,5,ASV2_Mesorhizobium
ASV1464_unknown,0.00010923248989340057,5,ASV1464_unknown
ASV57_Pseudomonas,9.795504439668341e-05,5,ASV57_Pseudomonas
ASV14_Mesorhizobium,6.913482507645398e-05,5,ASV14_Mesorhizobium
ASV954_unknown,4.91629999262555e-05,5,ASV954_unknown
ASV5_Mesorhizobium,2.015959096660159e-05,5,ASV5_Mesorhizobium
ASV503_unknown,1.84361249723458e-05,5,ASV503_unknown
ASV534_Cutibacterium,1.648299729981779e-05,5,ASV534_Cutibacterium
ASV6_Mesorhizobium,1.3315632075893311e-05,5,ASV6_Mesorhizobium
ASV24_Mesorhizobium,1.22907499815639e-05,5,ASV24_Mesorhizobium
ASV728_unknown,1.1524122870198e-05,5,ASV728_unknown
ASV7_Mesorhizobium,8.152840342250608e-06,5,ASV7_Mesorhizobium
ASV338_Aminobacter,5.762061435099019e-06,5,ASV338_Aminobacter
ASV10_Mesorhizobium,4.75339392326121e-06,5,ASV10_Mesorhizobium
ASV458_unknown,0.0,5,ASV458_unknown
ASV474_Mesorhizobium,0.0,5,ASV474_Mesorhizobium
ASV45_Mesorhizobium,0.0,5,ASV45_Mesorhizobium
ASV336_Mesorhizobium,0.0,5,ASV336_Mesorhizobium
ASV504_Mesorhizobium,0.0,5,ASV504_Mesorhizobium
ASV637_ANPR,0.0,5,ASV637_ANPR
ASV646_ANPR,0.0,5,ASV646_ANPR
ASV697_Mesorhizobium,0.0,5,ASV697_Mesorhizobium
ASV727_Mesorhizobium,0.0,5,ASV727_Mesorhizobium
ASV435_Mesorhizobium,0.0,5,ASV435_Mesorhizobium
ASV79_Mesorhizobium,0.0,5,ASV79_Mesorhizobium
ASV832_unknown,0.0,5,ASV832_unknown
ASV85_Mesorhizobium,0.0,5,ASV85_Mesorhizobium
ASV896_unknown,0.0,5,ASV896_unknown
ASV91_Mesorhizobium,0.0,5,ASV91_Mesorhizobium
ASV974_Mesorhizobium,0.0,5,ASV974_Mesorhizobium
ASV44_Mesorhizobium,0.0,5,ASV44_Mesorhizobium
ASV984_Aminobacter,0.0,5,ASV984_Aminobacter
ASV13_Mesorhizobium,0.0,5,ASV13_Mesorhizobium
ASV30_Mesorhizobium,0.0,5,ASV30_Mesorhizobium
ASV295_Mesorhizobium,0.0,5,ASV295_Mesorhizobium
ASV328_unknown,0.0,5,ASV328_unknown
ASV115_Mesorhizobium,0.0,5,ASV115_Mesorhizobium
ASV29_Mesorhizobium,0.0,5,ASV29_Mesorhizobium
ASV1186_Mesorhizobium,0.0,5,ASV1186_Mesorhizobium
ASV358_Mesorhizobium,0.0,5,ASV358_Mesorhizobium
ASV25_Mesorhizobium,0.0,5,ASV25_Mesorhizobium
ASV38_Mesorhizobium,0.0,5,ASV38_Mesorhizobium
ASV1258_ANPR,0.0,5,ASV1258_ANPR
ASV23_Mesorhizobium,0.0,5,ASV23_Mesorhizobium
ASV1018_Mesorhizobium,0.0,5,ASV1018_Mesorhizobium
ASV427_ANPR,0.0,5,ASV427_ANPR
ASV20_Mesorhizobium,0.0,5,ASV20_Mesorhizobium
ASV19_Mesorhizobium,0.0,5,ASV19_Mesorhizobium
ASV186_Mesorhizobium,0.0,5,ASV186_Mesorhizobium
ASV1481_unknown,0.0,5,ASV1481_unknown
ASV403_ANPR,0.0,5,ASV403_ANPR
ASV16_Mesorhizobium,0.0,5,ASV16_Mesorhizobium
ASV426_unknown,0.0,5,ASV426_unknown
ASV134_Mesorhizobium,-1.1202983884372704e-06,5,ASV134_Mesorhizobium
ASV157_unknown,-1.3797557146591954e-05,5,ASV157_unknown
ASV879_Mesorhizobium,-2.1929536014876998e-05,5,ASV879_Mesorhizobium
ASV626_Azorhizophilus,-0.00012719130888628701,5,ASV626_Azorhizophilus
ASV421_unknown,-0.000140349030495213,5,ASV421_unknown
ASV197_Mesorhizobium,-0.00014179690848243996,5,ASV197_Mesorhizobium
ASV386_unknown,-0.000171050380916041,5,ASV386_unknown
ASV307_unknown,-0.00019736582413389298,5,ASV307_unknown
ASV591_unknown,-0.00019951431188582983,5,ASV591_unknown
ASV375_unknown,-0.00021929536014876999,5,ASV375_unknown
ASV396_unknown,-0.00022721119895062863,5,ASV396_unknown
ASV392_unknown,-0.00023683898896067202,5,ASV392_unknown
ASV343_Mesorhizobium,-0.00027072918438949916,5,ASV343_Mesorhizobium
ASV1447_Rugamonas,-0.000281951514592272,5,ASV1447_Rugamonas
ASV70_Caulobacter,-0.000292204296941082,5,ASV70_Caulobacter
ASV1224_Duganella,-0.000353720991033942,5,ASV1224_Duganella
ASV87_Mesorhizobium,-0.00035384488855424816,5,ASV87_Mesorhizobium
ASV274_Mesorhizobium,-0.00037030724829526586,5,ASV274_Mesorhizobium
ASV717_Pseudomonas,-0.000412275277079688,5,ASV717_Pseudomonas
ASV47_Mesorhizobium,-0.0004251755097784271,5,ASV47_Mesorhizobium
ASV161_Mesorhizobium,-0.00042670630905925,5,ASV161_Mesorhizobium
ASV747_unknown,-0.0004828661669133769,5,ASV747_unknown
ASV498_unknown,-0.0005254475991381328,5,ASV498_unknown
ASV667_unknown,-0.000601603748941257,5,ASV667_unknown
ASV836_Rhizobacter,-0.000604914158579785,5,ASV836_Rhizobacter
ASV111_Mesorhizobium,-0.0006251260891397201,5,ASV111_Mesorhizobium
ASV146_unknown,-0.0006535001732433349,5,ASV146_unknown
ASV581_unknown,-0.00069659381456356,5,ASV581_unknown
ASV382_Mesorhizobium,-0.000736173008572853,5,ASV382_Mesorhizobium
ASV145_unknown,-0.0008947250694069811,5,ASV145_unknown
ASV519_Methylovorus,-0.0010110180531112064,5,ASV519_Methylovorus
ASV391_Duganella,-0.00118419636128754,5,ASV391_Duganella
ASV244_ANPR,-0.00119114430025999,5,ASV244_ANPR
ASV315_Duganella,-0.001210505016509117,5,ASV315_Duganella
ASV4_Mesorhizobium,-0.0012628216502121922,5,ASV4_Mesorhizobium
ASV217_Mesorhizobium,-0.00134003733779249,5,ASV217_Mesorhizobium
ASV64_Mesorhizobium,-0.001419361293605924,5,ASV64_Mesorhizobium
ASV231_Mesorhizobium,-0.0014889303753249901,5,ASV231_Mesorhizobium
ASV250_Mesorhizobium,-0.00163782341285749,5,ASV250_Mesorhizobium
ASV112_Mesorhizobium,-0.0019730107897044658,5,ASV112_Mesorhizobium
ASV249_Duganella,-0.0020467424481978164,5,ASV249_Duganella
ASV144_ANPR,-0.0021875823206697897,5,ASV144_ANPR
ASV81_Mesorhizobium,-0.002227514137909325,5,ASV81_Mesorhizobium
ASV188_Mesorhizobium,-0.00240519522167883,5,ASV188_Mesorhizobium
ASV135_unknown,-0.00242810184283767,5,ASV135_unknown
ASV166_Mesorhizobium,-0.00249682170631421,5,ASV166_Mesorhizobium
ASV125_unknown,-0.00258844819094959,5,ASV125_unknown
ASV229_Achromobacter,-0.00273749288713225,5,ASV229_Achromobacter
ASV35_Mesorhizobium,-0.002791890497228474,5,ASV35_Mesorhizobium
ASV93_ANPR,-0.0028404210236969,5,ASV93_ANPR
ASV234_Achromobacter,-0.0029015374047132,5,ASV234_Achromobacter
ASV110_ANPR,-0.00295495412949113,5,ASV110_ANPR
ASV156_Duganella,-0.0032361062297486236,5,ASV156_Duganella
ASV165_Herbaspirillum,-0.003245816675482867,5,ASV165_Herbaspirillum
ASV141_Pseudomonas,-0.0036271452568606604,5,ASV141_Pseudomonas
ASV108_Mesorhizobium,-0.00397429877105977,5,ASV108_Mesorhizobium
ASV58_ANPR,-0.00411173849801285,5,ASV58_ANPR
ASV104_Mesorhizobium,-0.00440952457307785,5,ASV104_Mesorhizobium
ASV119_Rhizobacter,-0.0056970360064559486,5,ASV119_Rhizobacter
ASV98_unknown,-0.006242054265785529,5,ASV98_unknown
ASV56_ANPR,-0.0107202987023399,5,ASV56_ANPR
ASV43_unknown,-0.0153474361764268,5,ASV43_unknown
ASV28_Pseudomonas,-0.02698620412361062,5,ASV28_Pseudomonas
ASV1_Mesorhizobium,-2.0396141558861505,5,ASV1_Mesorhizobium
